{
  "total_bonds": 300,
  "portfolio_market_value_inr": 1444508407.6104538,
  "portfolio_modified_duration": 4.885351542270979,
  "portfolio_convexity": 49.028197028451686,
  "portfolio_dv01_inr": 7056.931376943128
}