Loan_Count,Current_Balance,ECL_Provision,ECL_Rate,DPD30_Rate,DPD60_Rate,DPD90_Rate,Average_Collection_Efficiency,Worst_Vintage,Risk_Score,Risk_Band
500,317785202.14,11662952.899999999,0.03575792163823497,0.14357347634799475,0.10417481008705566,0.05777436815873267,1.2912000000000001,2021-Q2,66,MEDIUM RISK
