IFRS9_Stage,Loan_Count,Current_Balance,ECL_Provision,Avg_PD,Avg_LGD
1,422,272932661.65,2792098.27,0.02001137440758294,0.5026023696682465
2,45,27153397.919999998,1648395.03,0.12006666666666665,0.5107933333333333
3,33,17699142.57,7222459.6,0.8195787878787879,0.5032757575757576
