Region,Current_Balance,ECL_Provision,Avg_PD,Avg_CIBIL
Central,49273165.26,1358385.85,0.08286629213483146,739.6179775280899
East,76911815.05,2241849.7399999998,0.055802654867256635,742.0884955752213
North,67828152.81,2560881.16,0.07846019417475729,743.504854368932
South,59857673.0,3022201.53,0.10865242718446602,738.7184466019418
West,63914396.02,2479634.62,0.08630978260869565,731.1739130434783
