ServicerName,Current_Balance,ECL_Provision,Avg_PD,Avg_CIBIL
Bajaj Finance Auto,121218086.97,3948894.23,0.08685055555555556,736.1888888888889
HDFC Bank Auto Finance,106930368.72,3541717.0,0.0701878205128205,741.025641025641
ICICI Auto Loans,89636746.45,4172341.67,0.08726524390243903,740.8841463414634
