VintageID,CumulativeNetLossRate
2021-Q1,0.015659
2021-Q2,0.016704
2021-Q3,0.01424
2021-Q4,0.013186
2022-Q1,0.012894
2022-Q2,0.011621
2022-Q3,0.009805
2022-Q4,0.008074
2023-Q1,0.006199
2023-Q2,0.004227
2023-Q3,0.003471
2023-Q4,0.002105
2024-Q1,0.001492
2024-Q2,0.000742
2024-Q3,0.000375
